,V1,V2,V3,V4,V5,V6,V7,V8,V9,V10,V11,V12,V13,V14,V15,V16,V17,V18,V19,V20,V21,V22,V23,V24,V25,V26,V27,V28,V29,V30,V31,V32,V33,V34,V35,V36,V37,V38,V39,V40,V41,V42,V43,V44,V45,V46,V47,V48,V49,V50,V51,V52,V53,V54,V55,V56,V57,V58,V59,V60,V61,V62,V63,V64,V65,V66,V67,V68,V69,V70,V71,V72,V73,V74,V75,V76,V77,V78,V79,V80,V81,V82,V83,V84,V85,V86,V87,V88,V89,V90,V91,V92,V93,V94,V95,V96,V97,V98,V99,V100
1,108,439,1030,164,36,295,200,287,194,165,439,194,469,886,304,469,288,674,880,559,42,469,776,420,541,228,470,883,43,296,397,789,469,166,886,557,53,367,557,397,346,939,73,288,324,414,302,106,3177,449,599,135,346,76,341,293,275,43,141,165,883,66,238,200,296,470,146,43,275,469,469,43,36,287,157,101,488,296,296,729,166,605,664,108,297,475,346,400,469,51,397,287,412,412,394,164,258,384,108,297
2,420,468,1044,277,1053,982,719,955,398,658,667,410,624,1059,707,527,533,1196,930,662,619,649,911,491,564,879,478,1137,647,455,413,863,729,372,948,769,171,406,737,538,426,1124,147,417,527,724,340,179,3378,484,716,197,709,615,398,675,416,320,619,808,1106,3185,801,304,357,722,433,306,429,584,1001,227,894,528,264,906,966,704,882,1202,929,975,775,703,387,577,426,500,788,273,463,395,641,422,450,453,464,756,703,861
3,532,713,1101,495,1057,1133,806,1347,574,1073,729,560,718,1068,1061,1050,783,1202,949,771,649,1128,1072,664,827,927,946,1138,923,748,504,881,739,395,967,820,242,1052,947,562,501,1214,175,645,813,779,579,822,3471,494,754,312,755,733,648,697,721,690,833,859,1127,3572,861,676,552,1141,821,557,556,649,1129,430,905,1129,291,1130,1289,711,932,1315,939,1005,789,863,569,717,1038,502,870,730,784,410,955,452,856,467,526,765,728,869
4,624,738,1198,622,1072,1262,922,1429,754,1094,797,1062,819,1132,1101,1121,810,1241,961,773,896,1165,1144,686,846,994,1041,1144,971,838,616,888,928,596,1094,1211,363,1088,997,732,657,1222,206,812,907,884,581,865,3487,530,854,384,821,852,720,992,1122,808,944,875,1144,3618,916,814,562,1206,847,743,631,1188,1186,611,1093,1145,312,1219,1306,720,1009,1399,943,1106,882,886,855,807,1041,719,1013,865,787,543,958,508,1047,721,687,837,1163,904
5,755,784,1233,627,1087,1280,1056,1455,837,1126,1234,1079,951,1195,1149,1131,995,1367,1017,834,1189,1210,1171,799,952,1001,1087,1220,997,1067,695,940,1344,644,1096,1254,468,1207,1038,741,685,1269,264,1111,3579,1000,589,876,3534,934,900,459,870,953,922,1090,1129,945,998,1035,1149,3654,994,859,690,1229,942,1182,659,1204,1230,752,1148,1224,454,1234,1374,812,1057,1403,1005,1124,914,991,929,908,1058,817,1095,1003,827,664,1252,632,1107,923,777,1074,1167,932
6,1304,807,1272,641,1135,1314,1090,1522,1103,1257,1245,1211,990,1367,1196,1275,1062,1399,1158,891,1251,1213,1216,914,971,1041,1147,1232,1071,1074,993,948,1356,1226,1120,1254,739,1254,1044,769,885,1278,587,1148,3593,1021,615,879,3538,1000,934,751,904,1293,958,1124,1228,979,1039,1088,1167,3675,1300,1289,833,1236,1000,1260,722,1416,1245,1135,1148,1304,573,1285,1390,834,1089,1418,1069,1126,977,1063,1305,982,1093,1047,1163,1107,888,808,1370,746,1394,957,828,1121,1292,1005
7,1333,834,1276,725,1195,1315,1114,1582,1131,1304,1454,1214,1110,1455,1247,1326,1186,1410,1158,905,1270,1232,1255,1263,1029,1160,1269,1338,1087,1101,1022,1081,1394,1239,1176,1597,748,1279,1045,821,948,1323,708,1320,3612,1046,716,889,3546,1012,982,756,904,1353,971,1131,1309,1035,1088,1115,1272,3819,1382,1300,890,1288,1014,1342,775,1447,1294,1170,1311,1305,710,1300,1507,868,1094,1456,1126,1211,1165,1095,1434,1032,1106,1062,1173,1418,893,899,1390,832,1507,1047,1238,1215,1308,1064
8,1348,935,1334,755,1277,1325,1238,1583,1246,1304,1477,1263,1141,1463,1286,1346,1287,1449,1187,1031,1326,1246,1272,1265,1107,1373,1506,1356,1169,1169,1033,1090,1449,1244,1242,1599,795,1399,1126,965,1104,1369,719,1378,3615,1064,889,919,3568,1103,993,795,979,1386,1032,1185,1439,1096,1104,1132,1277,3882,1536,1308,898,1308,1035,1346,1015,1628,1299,1177,1365,1369,1170,1330,1512,1208,1109,1493,1189,1212,1428,1096,1461,1033,1211,1197,1187,1437,1033,1109,1524,889,1565,1072,1312,1229,1485,1075
9,1352,978,1355,998,1440,1345,1262,1603,1305,1369,1492,1271,1187,1484,1508,1347,1294,1461,1267,1047,1345,1327,1280,1280,1141,1401,1516,1377,1178,1178,1078,1188,1480,1299,1303,1615,975,1419,1241,1013,1119,1422,725,1409,3639,1122,893,964,3572,1199,1089,805,1010,1423,1090,1201,1444,1343,1142,1380,1297,3909,1536,1398,899,1315,1117,1405,1050,1658,1308,1237,1385,1374,1200,1363,1526,1220,1157,1509,1196,1516,1466,1211,1502,1067,1265,1434,1222,1801,1074,1251,1551,894,1592,1359,1332,1239,1496,1100
10,1394,1081,1391,1071,1451,1387,1272,1633,1313,1372,1535,1385,1245,1488,1557,1396,1299,1485,1293,1057,1345,1333,1296,1328,1164,1450,1527,1378,1222,1235,1216,1260,1490,1303,1369,1641,1110,1519,1252,1028,1120,1444,876,1420,3647,1163,982,1018,3613,1213,1112,859,1106,1432,1138,3811,1449,1348,1236,1383,1381,3910,1596,1402,1015,1503,1388,1412,1089,1663,1311,1370,1470,1376,1202,1385,1576,1234,1161,1516,1351,1583,1546,1214,1511,1133,1327,1440,1492,1829,1081,1267,1554,895,1602,1383,1525,1314,1518,1127
11,1401,1088,1395,1114,1477,1388,1314,1668,1351,1375,1554,1485,1271,1509,1559,1409,1301,1530,1299,1131,1388,1384,1297,1351,1189,1453,1585,1394,1222,1300,1424,1268,1503,1330,1408,1655,1120,1532,1287,1035,1198,3963,1252,1434,3649,1227,989,1044,3627,1489,1185,881,1127,1455,1171,3821,1458,1360,1259,1601,1431,3910,1776,1410,1078,1503,1402,1477,1111,1687,1378,1397,1513,1490,1256,1424,1616,1284,1208,1528,1351,1632,1555,1258,1525,1313,1356,1441,1500,1854,1132,1336,1576,907,1703,1425,1530,1350,1539,1127
12,1401,1138,1396,1175,1480,1401,1330,1680,1363,1415,1565,1486,1408,1521,1582,1418,1342,1616,1344,1147,1412,1419,1333,1414,1194,1597,1605,1439,1238,1304,1436,1281,1503,1365,1425,1661,1123,1608,1293,1065,1202,4012,1325,1444,3765,1228,1009,1072,3670,1519,1197,920,1277,1471,1214,3822,1468,1452,1262,1620,1473,3942,1789,1416,1083,1521,1406,1479,1240,1697,1407,1430,1517,1492,1320,1431,1634,1286,1231,1532,1372,1635,1557,1258,1562,1317,1398,1455,1508,1956,1173,1371,1583,1016,1867,1431,1538,1459,1544,1193
13,1538,1341,1430,1323,1540,1403,1359,1703,1399,1444,1582,1746,1414,1528,1630,1423,1361,1677,1361,1149,1420,1496,1334,1429,1206,1619,1607,1491,1267,1305,1443,1319,1511,1368,1428,1701,1168,1608,1331,1092,1217,4104,1369,1481,3766,1327,1027,1099,3898,1542,1237,924,1277,1483,1214,3830,1672,1480,1274,1629,1491,3952,1819,1436,1151,1527,1519,1484,1294,1741,1477,1439,1521,1502,1328,1433,1664,1298,1253,1534,1372,1643,1574,1267,1595,1317,1398,1485,1508,1966,1181,1380,1774,1030,2097,1467,1542,1459,1549,1195
14,1670,1485,1555,1375,1572,1458,1368,1709,1399,1445,1596,1747,1433,1529,1641,1442,1378,1715,1364,1198,1581,1528,1357,1437,1216,1633,1684,1497,1269,1314,1476,1334,1523,1385,1471,1714,1350,1624,1363,1102,1228,4106,1375,1505,3773,1337,1121,1287,3918,1572,1383,946,1294,1502,1249,3839,1705,1500,1443,1635,1500,4107,1842,1437,1481,1568,1621,1498,1307,1742,1557,1449,1535,1615,1330,1440,1774,1320,1359,1537,1395,1653,1574,1270,1618,1528,1438,1492,1515,1981,1215,1519,4202,1100,2104,1467,1562,1626,1564,1491
15,1671,1510,1657,1390,1586,1499,1370,1735,1470,1553,1634,1772,1439,1747,1887,1442,1469,1740,1407,1226,1599,1554,1360,1470,1263,1655,1690,1500,1274,1332,1476,1351,1530,1408,1478,1717,1369,1627,1402,1114,1236,4111,1395,1516,3776,1343,1135,1307,3919,1575,1420,1003,1326,1562,1253,3841,1730,1529,1462,1709,1513,4110,1846,1452,1570,1572,1638,1512,1307,1763,1585,1469,1549,1644,1347,1442,1787,1328,1376,1565,1420,1660,1620,1295,1624,1728,1455,1506,1574,1995,1441,1538,4257,1131,2119,1573,1596,1644,1577,1518
16,4072,1512,1687,1410,1616,1512,1395,1761,1497,1556,1634,1784,1461,1771,1894,1462,1486,1748,1437,1230,1615,1560,1383,1501,1349,1659,1708,1500,1278,1333,1486,1369,1531,1453,3957,1719,1372,1661,1433,1145,1241,4111,1395,1539,3788,1355,1167,1308,3924,1576,1433,1024,1399,1565,1261,3859,1733,1546,1483,1713,1615,4148,1847,1456,1570,1578,1664,1689,1312,1766,1601,1501,1593,1649,1631,1472,1790,3859,1376,1570,1442,1663,1630,1301,1641,1748,1470,1543,1582,2066,1442,1571,4270,1132,2122,1580,1611,1662,1582,1533
17,4081,1592,1690,1417,1623,1536,1395,1782,1507,1711,1664,1891,1465,1843,1896,1466,1492,1765,1534,1257,1641,1563,1460,1522,1421,1663,1737,1620,1311,1333,1501,1374,1533,3928,3957,1719,1372,1662,1437,1150,1266,4117,1423,1544,3795,1357,1481,1333,3941,1626,1442,1062,1402,1582,1295,3865,1734,1582,1501,1742,1711,4150,1847,1460,1586,1583,1669,1707,1329,1771,1601,1548,1654,1685,1632,1472,1790,3885,1416,1601,3914,1729,1639,1308,1643,1860,1486,1548,1637,2067,1473,1575,4271,1250,2126,1756,1643,1674,1621,1573
18,4087,1624,1691,1420,1626,1570,1399,1785,1516,1725,1667,1901,1508,1854,1905,3956,1493,1826,1551,1262,1667,1572,1510,1548,1436,1668,1758,1630,1460,1348,1529,1383,1632,3930,4086,1747,1416,1663,1442,1165,1293,4124,1540,1561,3833,1370,1486,1402,3996,1628,1617,1111,1441,1583,1372,3874,1794,1637,1508,4176,1716,4155,4203,1471,1601,1586,1723,1742,1352,1788,1611,1574,1657,1713,1642,1489,1800,3913,1459,1606,3946,1734,1649,3767,1646,1885,1509,1624,1645,2069,1484,1609,4284,1604,2127,1773,1645,1692,1729,1588
19,4118,1626,1691,1431,1639,1598,1400,1787,1517,1729,1686,1921,1632,1884,1916,3984,1516,1949,1567,1275,1776,1574,1515,1564,1444,1693,1758,1654,1484,1369,1530,1411,1709,3952,4086,1790,1469,1663,1443,1224,1526,4137,1555,1568,3833,1375,1487,1402,4010,1659,1631,1157,1458,1614,1375,3882,1798,1641,1509,4176,1735,4169,4204,1498,1612,1654,1725,1742,1361,1795,1615,1578,1696,1713,1679,1508,1801,3938,3932,1610,4069,1756,1717,3800,1865,1963,1513,1689,1683,2071,1484,1748,4302,1609,2128,1774,1674,1701,1745,1593
20,4118,1637,1702,1453,1653,1620,1415,1830,1531,1731,1686,2017,1633,1895,2009,4014,1537,1955,1572,1289,1779,1580,1538,1608,1450,1758,1832,1724,1619,1495,1543,3921,1731,3977,4100,1803,1503,1791,1463,1244,1553,4154,1575,1813,3843,1377,1493,1416,4010,1675,1638,1180,1460,1625,1393,3883,1872,1658,1543,4227,1746,4169,4258,1510,1624,1670,1736,1756,1364,1810,1636,1584,1709,1799,1698,1513,1824,3995,3938,1617,4082,1762,1750,3888,1897,1966,1529,1717,1683,2073,1493,1795,4305,1614,2136,1775,1674,1744,1755,1600
21,4174,1638,1702,1455,1673,1646,1415,1830,1553,1741,1788,2026,1642,1921,2009,4020,1657,1955,1609,1320,1781,1580,1629,1636,1470,1820,1845,1738,1620,1512,1657,3932,1733,4002,4102,1811,1512,1795,1481,1246,1582,4161,1582,1816,3922,1396,1572,1463,4013,1679,1650,1217,1576,1657,1402,3884,1899,1774,1739,4233,1860,4171,4262,1538,1639,1677,1763,1767,1366,1811,1683,1648,1729,1883,1705,1513,1851,3997,3945,1702,4084,1773,1758,3900,1937,1966,1604,1720,1684,2074,1520,1797,4308,1618,2141,1776,1688,1748,1769,1608
22,4179,1654,1711,1582,1682,1663,1583,1833,1567,1749,1824,2031,1645,1935,2013,4032,1664,1957,1618,1325,1789,1600,1655,1668,1490,1828,1865,1743,1630,1539,1689,3940,1740,4004,4106,1831,1513,1832,1546,1367,1583,4164,1654,1818,3936,1396,1596,1466,4020,1682,1656,1533,1623,1660,1698,3903,1905,1870,1739,4233,1873,4176,4269,1560,1654,1687,1765,1777,1370,1815,1684,1648,1743,1886,1818,1600,1859,4018,4090,1702,4086,1797,1779,3930,1952,1971,1605,1720,1689,2082,1695,1809,4310,1663,2163,1778,1689,1757,1852,1626
23,4182,1891,1725,1587,1709,1664,1774,1863,1567,1759,1844,2031,1676,1964,2015,4032,1678,1961,1646,1338,1800,1622,1655,1678,1492,1828,1876,1743,1631,1550,1701,3955,1748,4021,4208,1842,4021,1887,1564,1375,1586,4164,1655,1830,3953,1409,1617,1497,4020,1694,1667,1636,1635,1699,1702,3909,1927,1885,1753,4235,1873,4186,4271,1714,1658,1706,1771,1779,1380,1818,1686,1648,1761,1897,1831,1610,1860,4043,4097,1730,4097,1808,1781,3930,1952,1981,1696,1721,1710,2085,1695,1823,4360,1663,2176,1781,1716,1770,1861,1631
24,4190,1905,1739,1590,1726,1674,1775,1865,1570,1784,1845,2047,1678,4316,2062,4032,1759,1964,1753,1338,1803,1641,1664,1680,1498,1834,1881,1820,1666,1557,1710,3956,1836,4028,4208,1880,4029,1888,1691,1393,1589,4166,1673,1830,3958,1412,1621,1504,4067,1694,1763,1643,1641,1708,1719,3960,1985,1885,1761,4240,1873,4191,4272,1766,1663,1708,1826,1784,1405,1822,1690,1648,1777,1919,1832,1614,1861,4128,4098,1738,4103,1831,1801,3930,1954,2049,1697,4122,1719,2087,1699,1823,4371,1667,2177,1791,1721,1776,1863,1645
25,4192,1907,1739,1596,1743,1674,1777,1867,1570,1787,1849,2047,1678,4316,2067,4032,1813,1971,1784,1352,1807,1654,1664,1680,1498,1836,1889,1855,1677,1564,1739,3961,1925,4066,4216,1883,4045,1895,1691,1396,1589,4173,1678,1833,3958,1436,1626,1579,4090,1712,1763,1703,1653,1709,1820,3982,1994,1885,1763,4242,1873,4401,4289,1769,1673,1715,1826,1787,3861,1829,1707,1657,1782,2025,1855,1614,1865,4128,4098,1740,4103,1831,1804,3933,1963,2059,1701,4126,1723,2087,1710,1840,4374,1680,2183,1806,1728,1778,1992,1698
26,4194,1908,1762,1615,1752,1680,1789,1869,1570,1792,1850,2104,1689,4316,2068,4035,1825,1977,1821,1431,1808,1672,1681,1691,1502,1884,1891,1856,1690,1581,1745,3976,1927,4067,4216,1893,4073,1899,1694,1404,1639,4177,1681,1840,4065,1462,1627,1580,4090,1716,1777,1707,1725,1732,1820,3983,1995,1889,1775,4245,1873,4401,4299,1771,1675,1733,1827,1788,3861,1842,1724,1894,1785,2026,1855,1614,1865,4337,4108,1750,4106,1883,1821,3959,2074,2082,1705,4132,1723,2105,1713,1843,4396,1736,2183,1808,1733,1785,2004,1699
27,4200,1976,1783,1620,1758,1699,1792,1870,1679,1801,1851,2116,1705,4317,2068,4037,1825,1980,1828,1446,1906,1695,1714,1692,1505,1896,1892,1869,1703,1625,1748,3977,1940,4074,4241,1982,4082,1901,1904,1480,1641,4183,1711,1977,4074,1474,1715,1615,4109,1731,1803,1707,1846,1743,1821,3990,1995,1889,1865,4251,1879,4401,4311,1771,1688,1733,1835,1789,3871,1856,1728,1904,1834,2027,1865,1622,1910,4339,4108,1752,4125,1896,1822,3976,2082,2086,1725,4151,1727,2118,1714,1849,4398,1746,2187,1809,1742,1785,2004,1708
28,4215,1976,1785,1620,1770,1918,1793,1878,1680,1805,1853,2136,1723,4318,2081,4047,1826,1980,1828,1450,1976,1706,1714,1704,1582,1897,1895,1945,1708,1628,1761,4070,1940,4173,4243,2043,4102,1901,1905,1497,1650,4193,1715,2007,4078,1483,1731,1623,4118,1735,1818,1707,1878,1745,1841,4061,2005,1900,1882,4308,1973,4401,4317,1778,1705,1807,1846,1791,3895,1868,1728,1906,1875,2027,1875,1628,1910,4342,4127,1765,4133,1901,1823,3977,2091,2100,4163,4152,1729,2184,1813,1852,4398,1747,2188,1821,1744,1786,2005,1810
29,4223,1979,1791,1635,1770,1918,1862,1883,1689,1808,1866,2136,1723,4319,2088,4047,1835,1998,1836,1452,1984,1706,1727,1709,1594,1897,1899,2023,1715,1648,1815,4075,1944,4189,4243,2052,4110,1913,1908,1498,1666,4193,1759,2010,4086,1486,1742,1650,4123,1736,1819,1734,1891,1746,1851,4078,2010,1976,1883,4374,1975,4401,4319,1780,1705,1809,1848,1797,3937,1885,1729,1909,1880,2028,1875,1654,1914,4347,4129,1766,4141,1901,1825,3985,2093,2103,4165,4180,1733,2184,1915,1859,4457,1755,2188,1840,1744,1794,2007,1812
30,4225,1981,1797,1803,1773,1929,1875,1907,1699,1808,1876,2145,1730,4328,2092,4145,1835,1998,1855,1453,1989,1764,1740,1715,1596,1900,1900,2025,1718,1655,1816,4087,1944,4190,4244,2053,4117,1914,1911,1502,1687,4195,1763,2015,4169,1488,1743,1659,4125,1743,1835,1861,1891,1763,1852,4087,2037,1988,1884,4382,1982,4407,4327,1780,1906,1815,1852,1801,3940,1885,1731,1932,1894,2030,1877,1654,1934,4351,4131,1766,4142,1924,1835,3985,2107,2113,4165,4190,1745,2189,1928,1868,4462,1802,2188,1841,1797,1813,2013,1819
31,4226,1983,1816,1809,1776,1939,1877,1913,1703,1813,1877,2213,1731,4350,2160,4146,1836,2008,1855,1468,1989,1767,1785,1756,1765,1902,1900,2025,1719,1657,1860,4088,1944,4193,4250,2107,4202,1914,1912,1504,1695,4197,1773,2016,4178,1489,1797,1701,4126,1748,1835,4209,1896,1772,1852,4176,2045,4294,1885,4382,1982,4410,4331,1782,1913,1834,4213,1822,3950,1888,1732,1946,1908,2042,1903,1673,1943,4352,4144,1771,4162,1925,1835,3987,2164,2118,4182,4194,1891,2189,1932,1897,4462,1803,2188,1852,1806,1818,2015,1825
32,4228,1997,1816,1877,1776,1951,1880,2022,1716,1821,1925,2235,1731,4351,2160,4147,1837,2076,1855,1471,1993,1784,1796,1772,1773,1912,1903,2027,1723,1659,1963,4088,1949,4283,4306,2110,4213,2016,1912,1584,1696,4202,1780,2017,4193,1489,1798,1947,4126,1818,1981,4209,1917,1957,1859,4190,2047,4294,1910,4383,1984,4415,4358,1866,1914,1834,4213,1824,3964,1897,1735,4315,1910,2042,1914,1674,1943,4369,4156,1777,4166,1980,1849,3989,2164,2120,4210,4194,4237,2190,2013,1899,4462,1829,2188,1856,1817,1818,2021,1862
33,4228,2020,1817,1880,1778,1971,1946,2052,1730,1823,1986,2240,1739,4353,2168,4153,1841,2078,1863,1542,1993,1872,1939,1775,1777,1916,1912,2044,1781,1780,1965,4166,1962,4284,4314,2119,4215,2021,1920,1594,1868,4206,1781,2019,4197,1563,1800,1953,4126,1822,1981,4223,1921,2041,1866,4251,2048,4296,1914,4393,2086,4415,4358,1878,1920,1851,4303,1846,3977,1901,1735,4334,1912,2048,1916,1681,1956,4375,4263,1779,4170,1983,1850,3996,2173,2152,4210,4201,4237,2208,2156,1899,4477,1841,2191,1866,1817,1819,2024,1868
34,4242,2054,4208,1880,1779,1972,1950,2150,1733,1825,1999,2246,1741,4356,2267,4168,1864,2084,1864,1552,1994,1875,1982,1798,1836,2022,1914,2046,1790,1785,1977,4171,1963,4286,4314,2119,4216,2028,4276,1616,1872,4261,1789,2020,4198,1629,1809,1954,4134,1827,1984,4230,1923,2044,1868,4252,2052,4508,4280,4396,2091,4418,4358,1887,1953,1851,4303,1848,4123,1973,1763,4334,1913,2273,1970,1691,1958,4375,4271,1784,4172,1985,1873,4003,2174,2205,4223,4208,4237,2224,2156,1899,4478,1878,2193,1866,1817,1832,2026,1989
35,4245,2064,4243,1884,1796,1978,1955,2150,1744,1826,2001,2281,1762,4363,2269,4168,1866,2093,1881,1566,1996,1875,1984,1806,1836,2029,1914,2046,1805,2017,1978,4171,1964,4338,4314,2122,4218,2031,4278,1619,1883,4270,1799,2126,4412,1632,1809,1963,4134,1834,2008,4234,1928,2095,1869,4262,2052,4508,4281,4401,2104,4422,4359,1892,1954,4226,4308,1849,4139,1980,1822,4338,1913,2279,1973,1696,1959,4375,4317,1798,4177,1987,1874,4037,2186,2218,4229,4210,4242,2238,2157,1904,4478,1880,2218,1868,1826,1948,2047,1991
36,4304,2069,4244,1921,1861,1979,2050,2151,4128,1826,2001,2288,1765,4363,2269,4186,1866,2093,1954,1569,1999,2000,1988,1822,1842,2032,1925,2117,1813,2029,1978,4176,1968,4369,4319,2126,4229,2033,4278,1731,2046,4278,1955,2127,4412,1713,1810,1965,4141,1850,2010,4245,1941,2095,1872,4311,2115,4508,4281,4402,2106,4422,4375,1895,1957,4226,4309,1852,4168,1982,1830,4344,2053,2280,2052,1705,1961,4405,4322,1806,4178,1987,1900,4039,2250,2269,4238,4210,4243,2241,2197,1918,4478,1888,2262,1888,1830,1949,2053,1992
37,4306,2072,4459,1932,1861,2043,2051,2162,4138,1844,2003,2292,2007,4363,2270,4186,1875,2096,1956,1574,2001,2002,1989,1833,1856,2033,1927,2117,1827,2039,1984,4212,2034,4370,4331,2159,4230,2033,4278,1736,2053,4283,1958,2158,4413,1713,1810,1969,4204,1853,2014,4245,1943,2101,1874,4349,2116,4508,4282,4402,2134,4430,4377,1895,1959,4228,4309,1852,4173,1982,1830,4346,2053,2315,2058,1705,1974,4405,4328,1819,4179,2004,1900,4075,2265,2270,4238,4215,4243,4530,2203,1923,4480,1895,2263,1901,1839,1949,2094,2069
38,4358,2074,4460,1932,1861,2049,2058,2162,4140,1844,2004,2293,2007,4363,2274,4194,1875,2100,1957,1616,2005,2003,1997,2027,1869,2053,1931,2119,1828,2040,1992,4214,2042,4371,4333,2160,4230,2039,4279,1742,2067,4283,1959,2166,4415,1952,1844,2024,4213,1856,2083,4245,1944,2106,4212,4349,2116,4511,4289,4402,2141,4472,4379,1896,1966,4228,4312,1852,4174,1982,1852,4346,2171,2319,2062,1706,1977,4416,4337,1821,4182,2006,1910,4088,2266,2271,4238,4217,4293,4537,2207,1926,4481,1900,2264,1902,1840,1949,2104,2069
39,4359,2075,4460,1937,1879,2050,2067,2163,4154,1862,2008,2294,2018,4368,2274,4251,1876,2109,1964,1775,2005,2007,2001,2037,1939,2054,1932,2162,1828,2048,1992,4216,2042,4371,4334,2160,4233,2049,4291,4134,2067,4285,1962,2168,4420,1977,1845,2027,4224,1859,2134,4321,2018,2107,4213,4367,2123,4524,4290,4403,2142,4472,4385,1974,1966,4228,4312,1852,4180,2040,1852,4346,2187,2319,2066,1708,1977,4416,4339,1821,4255,2030,1910,4093,2268,2271,4241,4302,4294,4538,2214,2010,4483,1902,2297,1903,1841,1950,2105,2135
40,4370,2080,4510,1939,1894,2066,2068,2174,4156,1950,2010,2295,2021,4369,2277,4310,1879,2112,1964,1793,2009,2018,2003,4377,2041,2280,1947,2162,1828,2069,2057,4219,2044,4373,4334,2165,4265,2130,4303,4134,2086,4288,2029,2222,4420,1980,1847,2034,4251,1859,2138,4321,2021,2109,4216,4367,2124,4526,4291,4415,2142,4483,4385,2032,1990,4232,4318,1890,4181,2046,1852,4347,2190,2320,2066,1724,2030,4416,4340,1826,4295,2034,1948,4095,2275,2271,4244,4302,4295,4541,2216,2234,4484,1902,2299,1909,1902,1975,2106,2135
41,4371,2158,4510,2169,1896,2067,2133,2174,4157,1966,2011,2295,2031,4369,2277,4325,1887,2113,1964,1803,2085,2030,2069,4434,2045,2286,1949,2179,1843,2080,4384,4222,2050,4376,4338,2165,4265,2133,4308,4137,2087,4288,2030,2224,4421,1987,1931,2034,4259,1859,2189,4321,2022,2111,4296,4375,2124,4540,4299,4419,2142,4483,4386,2032,1992,4256,4320,1918,4181,2048,1872,4352,2192,2349,2067,1772,2104,4420,4342,1831,4295,2203,1948,4095,2280,2275,4250,4383,4295,4541,2217,2237,4491,1903,2305,1909,1904,2002,2110,2162
42,4374,2180,4511,2170,1907,2071,2144,2180,4158,1975,2019,2295,2042,4378,2282,4328,1890,2115,2055,1814,2166,2034,2070,4435,2045,2287,1951,2180,1847,2080,4385,4230,2056,4378,4348,2167,4266,2145,4316,4238,2087,4299,2035,2225,4421,1999,1940,2036,4260,1860,2193,4323,4361,2114,4297,4376,2134,4541,4300,4419,2145,4494,4392,2034,1994,4258,4322,1931,4235,2080,1874,4430,2250,2350,2077,1773,2104,4420,4343,1831,4298,2223,1961,4182,2286,2275,4250,4387,4300,4542,2228,2313,4491,1916,2323,1909,1907,2004,2111,2172
43,4374,2186,4512,2170,1914,2076,2146,2236,4162,1975,2022,2297,2045,4378,2282,4332,1960,2128,2055,1839,2185,2036,2073,4436,2045,2290,1952,2193,1853,2080,4391,4242,2056,4381,4352,2170,4270,2183,4321,4239,2110,4329,2039,2225,4423,2082,1941,2037,4266,1868,2193,4329,4362,2114,4297,4376,2161,4541,4300,4419,2145,4500,4392,2068,2106,4258,4323,1950,4235,2083,1880,4432,2255,2362,2079,1779,2105,4423,4350,1831,4308,2223,1970,4184,2290,2279,4310,4388,4303,4545,2231,2320,4493,1937,2325,1910,1908,2005,4412,2179
44,4374,2188,4512,2170,1914,2076,2155,2293,4172,2015,2037,2297,2050,4384,2284,4334,1960,2133,2058,1840,2192,2127,2082,4436,2125,2300,1952,2194,1868,2080,4597,4247,2079,4382,4354,2170,4271,2190,4321,4243,2113,4329,4370,2227,4425,2082,1962,2056,4268,1871,2194,4330,4364,2114,4298,4376,2161,4545,4304,4433,2146,4502,4598,2075,2117,4258,4323,1964,4237,2089,1895,4436,2256,2365,2081,1779,2135,4426,4350,1831,4308,2228,1975,4188,2293,2293,4319,4395,4303,4546,2231,2320,4502,1947,2325,1912,2025,2005,4412,2180
45,4375,2192,4513,2172,1914,2081,2160,2353,4172,2109,2039,2298,2105,4386,2304,4334,1962,2209,2060,1845,2195,2137,2082,4436,2125,2308,1962,2222,1868,2082,4597,4252,2089,4408,4356,2170,4273,2205,4326,4255,2192,4338,4387,2229,4426,2161,1964,2056,4269,1873,2414,4332,4365,2115,4308,4376,2222,4549,4312,4433,2155,4502,4605,2076,2118,4258,4323,2021,4240,2089,1895,4441,2272,2386,2081,1794,2137,4428,4364,1839,4311,2230,1977,4190,2293,2295,4321,4406,4303,4553,2232,4611,4503,1958,2327,1914,2047,2019,4418,2180
46,4375,4503,4540,2178,1917,2083,2160,2354,4172,2122,2041,2298,2106,4386,2309,4362,1962,2210,2060,1854,2195,2137,2082,4437,2132,2308,1977,2286,1868,2084,4597,4254,2092,4408,4563,2170,4346,2205,4329,4316,2199,4340,4421,2231,4431,2163,1969,2058,4275,1883,2416,4341,4369,2116,4309,4382,2228,4556,4341,4639,2156,4555,4605,2078,2124,4258,4335,2026,4240,2096,1902,4442,2273,2386,2088,1927,2137,4433,4370,1839,4312,2233,1977,4191,2301,2295,4323,4406,4315,4557,2244,4652,4602,1963,2329,4257,2049,2082,4420,2181
47,4376,4511,4540,2178,1917,2096,4444,2355,4172,2122,2041,2298,2106,4392,2312,4459,1964,2218,2061,1874,2225,2138,2087,4438,2133,2310,4312,2286,1886,2096,4597,4255,2093,4408,4565,2183,4399,2206,4334,4316,2201,4340,4421,2231,4442,2165,2052,2161,4276,1890,2420,4344,4433,2194,4513,4392,2230,4556,4342,4641,2157,4556,4607,2078,2134,4293,4346,2028,4242,2109,2075,4446,2273,2386,2090,1928,2145,4530,4372,1839,4312,2237,1981,4194,2301,2296,4325,4408,4318,4581,2246,4652,4602,2018,2336,4257,2110,2089,4420,2216
48,4377,4511,4546,2182,1921,2096,4445,2356,4172,2123,2042,2301,2171,4392,2318,4459,1967,2349,2064,1874,2231,2145,2091,4465,2141,2316,4313,2287,1899,2096,4609,4275,2153,4410,4566,2183,4400,2285,4334,4318,2314,4340,4422,2231,4447,2166,2053,2166,4276,1890,2420,4355,4487,2194,4516,4393,2231,4562,4346,4643,2157,4557,4616,2078,2141,4299,4379,2038,4245,2130,4399,4449,2277,2389,2131,1929,2151,4566,4378,1839,4520,2239,1982,4265,2302,2297,4326,4408,4319,4581,2252,4653,4602,2018,2336,4303,2111,2091,4421,2220
49,4377,4524,4546,2184,1925,2096,4445,2358,4173,2189,2044,2306,2172,4393,2318,4460,1968,2349,2156,1874,2232,2146,2107,4465,2202,2316,4313,2287,1937,2108,4609,4278,2158,4411,4566,2196,4401,2286,4336,4319,2316,4340,4423,2233,4448,2167,2063,2166,4276,1890,2421,4355,4690,2198,4516,4395,2234,4567,4346,4643,2171,4562,4616,2090,2142,4300,4379,2038,4245,2136,4399,4452,2320,2389,2209,1930,2153,4566,4379,1891,4520,2239,1982,4300,2308,2325,4331,4415,4364,4594,2253,4654,4603,2075,2336,4304,2112,2091,4423,2270
50,4379,4528,4546,2187,1926,2168,4446,2383,4174,2190,2046,2306,2180,4393,2318,4461,1969,2349,2161,1875,2241,2146,2108,4466,2202,2316,4313,2288,1939,2110,4609,4278,2159,4411,4566,2197,4401,2293,4336,4323,2316,4340,4423,2234,4459,2172,2064,2179,4277,1945,2421,4358,4690,2214,4521,4401,2235,4567,4346,4678,2172,4571,4626,2145,2172,4301,4379,2040,4245,2136,4405,4467,2325,2397,2313,1995,2153,4568,4379,1946,4521,2299,1983,4301,2309,2333,4332,4420,4364,4595,2253,4654,4604,2076,2337,4305,2127,2092,4423,2271
51,4382,4529,4547,2193,1995,2169,4449,2383,4284,2190,2052,2308,2183,4428,2372,4668,1976,2349,2164,1875,2241,2150,2108,4466,2209,2339,4314,2289,1944,2140,4614,4279,2160,4411,4566,2199,4402,2295,4337,4326,2317,4340,4423,2253,4469,2187,2064,2183,4292,1947,2421,4410,4693,2214,4523,4402,2237,4567,4347,4682,2172,4571,4626,2146,2174,4302,4379,2041,4248,2356,4405,4467,2326,4641,2329,2076,2158,4573,4379,2173,4527,2392,1983,4302,2317,2334,4537,4420,4364,4595,2253,4657,4609,2078,2339,4306,2127,2094,4423,2275
52,4385,4531,4548,2246,1996,2169,4449,2388,4318,2190,2052,2309,2183,4429,2373,4668,1979,2353,2215,1881,2244,2368,2108,4470,2209,2342,4314,2290,1945,2143,4617,4279,2170,4411,4566,2202,4486,2295,4337,4404,2317,4342,4427,2271,4474,2188,2070,2191,4302,1947,2424,4450,4693,2214,4523,4402,2237,4567,4349,4682,2173,4577,4626,2151,2185,4338,4380,2041,4249,2356,4407,4467,2327,4643,2329,2076,2158,4628,4383,2175,4580,2394,4316,4303,2321,2336,4537,4623,4365,4595,2254,4657,4621,2081,2339,4318,2128,2096,4424,2344
53,4385,4533,4549,2257,1997,2176,4449,2392,4318,2193,2052,2309,4502,4431,2403,4715,1979,2401,2225,1885,2244,2371,2111,4470,2212,2423,4317,2290,1948,2215,4617,4280,2170,4423,4618,2204,4486,2296,4338,4415,2318,4342,4430,2276,4493,2189,2075,2217,4307,1947,2437,4450,4720,2215,4536,4402,2237,4598,4356,4683,2174,4577,4626,2153,2187,4339,4381,2046,4249,2362,4413,4469,2328,4646,2331,2083,2164,4628,4383,2186,4580,2394,4316,4304,2322,2338,4537,4624,4365,4595,2257,4662,4675,2083,2341,4318,2129,2100,4464,2345
54,4386,4616,4549,2258,1999,2179,4453,2394,4319,2216,2052,2312,4577,4443,2404,4715,1980,2417,2233,1972,2244,2371,2111,4470,2215,2424,4323,2290,1949,2308,4617,4351,2176,4423,4688,2217,4486,2303,4342,4415,2320,4342,4430,2278,4496,2254,2084,2224,4307,2171,2438,4451,4722,2218,4536,4409,2293,4602,4562,4684,2212,4585,4626,2161,2187,4339,4425,2133,4258,2396,4414,4469,2328,4646,2335,2120,2165,4639,4384,2187,4646,2394,4316,4304,2325,2338,4537,4624,4388,4595,2259,4662,4675,2089,2349,4522,2129,2103,4464,2346
55,4595,4618,4553,2325,2002,2288,4453,2395,4320,2221,2054,2313,4578,4443,2411,4715,1980,2417,2236,1974,2255,2372,2116,4470,2263,2425,4326,2291,1956,2312,4618,4353,2176,4423,4697,2224,4490,2306,4353,4415,2320,4342,4432,2278,4498,2257,2094,2224,4510,2239,2448,4453,4722,2218,4537,4409,2336,4602,4562,4686,2213,4585,4626,2163,2190,4340,4427,2200,4258,2398,4414,4470,2329,4650,2337,2124,2166,4648,4384,2188,4656,2408,4316,4304,2327,2338,4540,4624,4395,4601,2259,4662,4675,2181,2359,4523,2129,2110,4469,2349
56,4595,4618,4554,2335,2004,2354,4517,2399,4375,2234,2055,2314,4626,4444,2435,4715,1980,2419,2236,1977,2256,2382,2117,4477,2275,2426,4326,2291,1956,2351,4618,4354,2177,4423,4697,2224,4490,2306,4353,4415,2320,4342,4433,2360,4498,2263,2094,2224,4510,2241,2448,4454,4722,2246,4538,4411,2337,4602,4562,4688,2222,4586,4626,2164,2203,4342,4427,2261,4317,2398,4414,4496,2329,4650,2337,2125,2166,4699,4384,2197,4662,2414,4316,4304,2421,2339,4540,4658,4395,4620,2265,4662,4675,2232,2360,4523,2131,2115,4470,2349
57,4633,4622,4561,2336,2064,2389,4524,2409,4389,2234,2057,2318,4628,4445,2435,4715,2049,2426,2238,2028,2256,2384,2182,4477,2276,2428,4326,2291,2045,2365,4618,4354,2180,4423,4699,2224,4491,2352,4354,4416,2320,4426,4433,2360,4499,2264,2148,2237,4510,2246,2451,4460,4724,4541,4538,4411,2338,4602,4608,4688,2229,4590,4627,2168,2203,4343,4428,2261,4348,2399,4473,4496,2330,4650,2337,2126,2167,4703,4384,2264,4665,2414,4377,4306,2423,2346,4546,4658,4401,4621,2271,4662,4677,2244,2360,4524,2133,2115,4470,2349
58,4635,4623,4565,2337,2068,2399,4558,2409,4395,2234,2059,2319,4628,4445,2437,4715,2050,2517,2246,2031,2257,2384,2183,4477,2277,2429,4530,2301,2046,2366,4625,4354,2184,4423,4699,2229,4491,2354,4409,4416,2320,4493,4433,2420,4509,2266,2174,2238,4510,2250,2453,4460,4724,4542,4541,4411,2346,4602,4608,4690,2233,4594,4627,2182,2203,4343,4433,2338,4350,2469,4473,4498,2330,4658,2341,2128,2179,4703,4417,2265,4713,2415,4377,4306,2425,2358,4549,4658,4456,4622,2309,4662,4677,2245,2360,4524,2134,2118,4470,2350
59,4637,4623,4566,2339,2068,2400,4558,2445,4395,2234,2062,2323,4629,4647,2438,4715,2056,2517,2250,2033,2264,2384,2185,4478,2290,4669,4533,2302,2046,2366,4628,4439,2184,4423,4700,2235,4491,2354,4409,4444,2320,4497,4433,2424,4535,4546,2178,2241,4513,2262,2453,4461,4724,4543,4542,4414,2394,4610,4608,4731,2261,4595,4627,2189,2204,4384,4433,2342,4350,2471,4539,4500,2334,4659,2353,4409,2179,4704,4417,2265,4722,2471,4382,4308,2427,2358,4555,4661,4456,4664,2529,4667,4732,2246,2364,4524,2139,2121,4472,2350
60,4648,4679,4566,2339,2105,2490,4762,2445,4396,2236,2062,2331,4630,4648,2449,4716,2063,2540,2349,2035,2299,2384,2185,4478,2296,4719,4576,2306,2047,2366,4629,4476,2185,4468,4700,2236,4491,2354,4409,4444,2364,4497,4433,2426,4535,4548,2208,2242,4513,2263,2456,4664,4724,4544,4542,4423,2395,4612,4609,4732,2261,4596,4627,2192,2261,4385,4434,2345,4351,2471,4540,4503,2336,4659,2353,4409,2179,4704,4424,2267,4727,2478,4382,4310,2432,2362,4555,4661,4457,4664,2531,4687,4733,2247,2365,4524,2140,2335,4472,2352
61,4649,4679,4566,2342,2109,2490,4762,2450,4396,2238,2062,2331,4632,4689,2449,4728,2065,2540,2349,2120,2302,2398,2185,4478,2325,4719,4583,2310,2052,2366,4631,4476,2214,4471,4700,2238,4491,2355,4410,4444,2370,4497,4436,2426,4535,4548,2211,2244,4515,2339,2457,4664,4730,4545,4542,4423,2396,4614,4609,4733,2262,4599,4628,2201,2268,4389,4434,2345,4553,2473,4623,4513,2349,4660,2354,4447,2179,4704,4424,2271,4727,2482,4382,4315,2434,2362,4582,4661,4468,4669,2532,4721,4733,2248,4620,4525,2142,2336,4472,2352
62,4652,4679,4570,2342,2111,2490,4762,2455,4397,2241,2068,2333,4662,4694,2449,4732,2077,2541,2351,2208,2305,2440,2185,4481,2331,4723,4584,2310,2053,2370,4631,4476,2215,4471,4700,2311,4491,2356,4410,4444,2372,4497,4437,4690,4537,4548,2246,2245,4516,2341,2458,4667,4731,4545,4542,4423,2401,4614,4611,4733,2262,4599,4628,2204,2268,4392,4440,2401,4553,2473,4658,4516,2349,4661,2357,4450,2185,4704,4425,2273,4728,2540,4382,4315,2444,2362,4582,4661,4470,4669,2535,4798,4735,2250,4700,4578,2142,2338,4473,2354
63,4652,4690,4581,2343,2112,2490,4762,2456,4403,2244,2069,2334,4668,4695,2450,4737,2077,2543,2416,2274,2305,2440,2185,4514,2333,4731,4584,2310,2053,2370,4673,4477,2216,4471,4701,2311,4492,2359,4492,4452,2372,4503,4440,4690,4537,4548,2246,2245,4519,2347,2458,4671,4772,4545,4542,4423,2405,4614,4611,4733,2263,4599,4660,2240,2268,4393,4440,2405,4555,2478,4659,4519,2350,4661,2357,4450,2185,4704,4425,2288,4728,2541,4383,4315,2487,2362,4583,4661,4471,4670,2562,4806,4735,2301,4705,4581,2144,2346,4477,2357
64,4671,4690,4581,2414,2116,2490,4762,2465,4404,2250,2292,2336,4668,4695,2484,4745,2078,2544,2509,2274,2306,2446,2186,4514,2334,4731,4584,2319,2055,2370,4701,4478,2217,4471,4703,2311,4492,2359,4492,4453,2373,4503,4441,4690,4573,4599,2247,2257,4519,2351,2458,4704,4773,4546,4585,4477,2406,4614,4613,4733,2266,4599,4663,2306,2332,4403,4443,2405,4568,2527,4659,4519,2350,4665,2359,4450,2186,4707,4425,2288,4728,2544,4383,4316,2491,2363,4583,4692,4471,4670,2567,4806,4736,2305,4705,4587,2144,2357,4479,2359
65,4671,4719,4586,2423,2117,2491,4762,2465,4404,2279,2292,2336,4671,4730,2490,4745,2078,2544,2511,2277,2315,2507,2261,4514,2335,4737,4584,2320,2055,2374,4701,4479,2219,4471,4729,2311,4492,2359,4493,4453,2380,4705,4442,4693,4627,4600,2248,2258,4520,2357,2458,4704,4773,4599,4586,4484,2406,4614,4618,4733,2278,4599,4663,2306,2332,4403,4443,2413,4569,2527,4659,4519,2353,4679,2359,4454,2188,4707,4425,2288,4754,2544,4384,4318,2492,2364,4616,4694,4471,4670,2574,4816,4736,2308,4705,4595,2171,2360,4686,2360
66,4672,4719,4586,2429,2117,2497,4763,2475,4409,2281,2296,2336,4671,4730,2538,4745,2088,2544,2513,2277,2315,2507,2262,4517,2338,4737,4590,2321,2058,2374,4701,4479,2220,4471,4730,2319,4492,2360,4493,4453,2380,4710,4443,4693,4629,4600,2251,2260,4521,2366,2458,4711,4773,4599,4586,4485,2415,4620,4621,4733,2280,4599,4663,2309,2332,4428,4446,2421,4569,2533,4665,4519,2375,4679,2367,4475,2188,4708,4425,2288,4754,2545,4384,4321,2495,2413,4622,4695,4471,4670,2574,4816,4736,2308,4706,4595,2172,2446,4686,2361
67,4672,4719,4590,2429,2126,2500,4763,2478,4411,2282,2298,2339,4671,4730,2538,4745,2094,4751,2515,2282,4531,2508,2263,4518,4560,4787,4590,2328,2063,2378,4702,4479,2435,4475,4730,2323,4503,2364,4495,4499,2380,4746,4444,4693,4635,4600,4468,2262,4574,2366,2458,4711,4773,4599,4586,4485,2415,4684,4621,4733,2280,4600,4697,2310,2335,4428,4455,2429,4570,2535,4665,4526,2432,4683,2369,4475,2219,4718,4426,2290,4788,2553,4387,4395,2497,2413,4623,4695,4471,4752,2575,4816,4768,2310,4707,4595,2180,2454,4686,2361
68,4681,4719,4590,2429,2131,2500,4764,2478,4453,2283,2299,2340,4671,4730,2624,4808,2155,4751,2516,2282,4532,2508,2265,4519,4560,4787,4590,2328,2063,2387,4702,4531,2436,4475,4730,2351,4503,2366,4496,4501,2380,4746,4444,4693,4635,4600,4468,2262,4581,2403,2485,4711,4773,4609,4587,4485,4627,4684,4621,4736,2285,4651,4701,2310,2339,4429,4455,2430,4570,2535,4665,4527,2435,4684,2391,4510,2230,4720,4426,4567,4790,2554,4444,4395,2500,2413,4630,4695,4472,4781,2582,4816,4768,2310,4707,4595,4449,2454,4686,2366
69,4683,4719,4671,2431,2131,2502,4764,2482,4654,4503,2321,4611,4671,4730,2624,4808,2243,4751,2522,2288,4532,2509,2266,4519,4560,4787,4590,2329,2282,2387,4721,4531,2436,4475,4730,2359,4507,2366,4497,4501,2386,4747,4447,4693,4638,4600,4547,2264,4581,2403,2485,4711,4773,4610,4588,4488,4627,4685,4621,4742,2286,4651,4701,2311,2348,4494,4456,2493,4575,2536,4665,4527,2440,4684,2395,4546,2230,4720,4426,4601,4790,2559,4445,4395,2500,4611,4630,4698,4473,4781,2583,4817,4768,2311,4707,4595,4449,2454,4727,2366
70,4683,4719,4672,2435,2136,2504,4765,2486,4656,4509,2323,4612,4671,4730,2634,4809,2330,4751,2522,2290,4532,2511,2266,4519,4561,4788,4590,2329,2293,2396,4723,4533,2436,4478,4734,2359,4517,2367,4497,4502,2388,4747,4447,4699,4644,4607,4548,2273,4581,2408,2486,4714,4773,4611,4641,4488,4627,4685,4622,4742,2350,4656,4701,2313,2349,4495,4456,2495,4627,2536,4665,4527,2504,4684,2449,4547,2235,4720,4629,4601,4794,2561,4445,4398,2501,4612,4630,4699,4475,4782,2584,4817,4768,2311,4707,4596,4449,2456,4727,2373
71,4683,4721,4672,2469,4393,2504,4765,2518,4657,4510,2324,4615,4671,4730,2634,4810,2366,4751,2524,2312,4539,2512,2269,4519,4562,4788,4590,2332,2301,4625,4726,4559,2437,4482,4768,2360,4518,2368,4500,4503,2392,4747,4447,4700,4646,4607,4549,2273,4665,2408,2510,4714,4773,4611,4641,4497,4627,4685,4622,4742,2354,4656,4701,2313,2351,4499,4458,2496,4627,2536,4665,4527,2506,4684,2450,4749,2235,4720,4629,4601,4796,2561,4445,4398,2550,4614,4712,4699,4481,4782,2586,4817,4768,2312,4711,4596,4451,2457,4727,4591
72,4683,4746,4705,2469,4426,2504,4765,2578,4657,4510,4579,4615,4671,4730,2635,4810,2376,4784,4736,2347,4539,2522,2270,4567,4562,4788,4592,2332,2301,4627,4726,4595,2439,4483,4771,2448,4521,2379,4500,4507,2393,4748,4655,4700,4647,4607,4550,2277,4665,2408,2516,4714,4773,4663,4641,4497,4627,4685,4622,4743,2357,4656,4706,2315,2352,4499,4505,2497,4627,2544,4665,4578,2510,4684,2475,4750,2237,4721,4629,4603,4796,2561,4446,4430,2550,4614,4713,4702,4481,4782,2590,4818,4769,2369,4741,4596,4451,4677,4727,4591
73,4683,4746,4706,2474,4462,2508,4767,2624,4657,4541,4583,4615,4673,4730,2638,4810,2380,4784,4736,2347,4540,2524,2279,4567,4562,4788,4592,2336,2301,4627,4726,4794,2439,4484,4771,2448,4521,2380,4506,4508,2393,4748,4655,4780,4647,4607,4550,2277,4665,2410,2516,4714,4773,4663,4669,4497,4628,4685,4663,4743,2406,4656,4745,2316,2352,4505,4505,2497,4627,2552,4665,4578,2510,4708,2488,4750,2237,4725,4629,4603,4799,2564,4446,4430,2598,4620,4713,4702,4482,4786,2591,4818,4769,2370,4774,4596,4476,4677,4733,4591
74,4683,4746,4706,2482,4463,2509,4768,2628,4657,4541,4619,4676,4673,4730,2647,4810,2381,4790,4736,2348,4540,2525,2304,4567,4562,4789,4592,2336,2311,4627,4730,4796,2442,4484,4771,2457,4521,2381,4507,4509,2400,4785,4655,4780,4651,4626,4551,2284,4714,2416,2516,4715,4773,4665,4669,4497,4628,4685,4663,4743,2410,4708,4745,2320,2352,4505,4506,4715,4629,2556,4665,4578,2510,4708,2489,4750,2242,4725,4632,4603,4800,2564,4447,4430,2600,4620,4713,4735,4487,4786,4786,4818,4770,4574,4774,4629,4477,4677,4735,4592
75,4683,4746,4706,2488,4463,2509,4768,2628,4658,4541,4620,4676,4673,4733,2648,4810,2391,4791,4736,2352,4541,2525,2305,4569,4563,4791,4632,2338,2314,4627,4734,4796,4689,4484,4771,2493,4523,2390,4507,4509,2401,4785,4661,4790,4651,4636,4573,2286,4753,2416,2520,4754,4773,4669,4669,4521,4628,4686,4716,4745,2411,4708,4747,2321,2382,4505,4547,4722,4629,2604,4666,4580,2511,4709,2489,4750,2249,4725,4632,4603,4800,2565,4479,4439,2600,4620,4713,4735,4487,4786,4786,4821,4770,4575,4774,4629,4528,4677,4735,4593
76,4687,4747,4707,2492,4463,2511,4768,2628,4658,4544,4629,4676,4673,4734,2648,4810,2392,4791,4736,2354,4541,2525,2306,4569,4566,4791,4633,4567,2316,4627,4734,4797,4690,4484,4771,2497,4528,2414,4508,4523,2449,4785,4662,4790,4651,4636,4624,2286,4754,2418,2520,4756,4773,4673,4669,4523,4628,4686,4725,4746,2412,4708,4747,2322,2386,4507,4547,4722,4680,2604,4669,4645,2512,4709,2492,4750,2316,4732,4632,4603,4800,2565,4519,4439,2604,4620,4713,4741,4487,4787,4790,4821,4773,4576,4774,4629,4535,4677,4736,4593
77,4687,4748,4707,2492,4463,2512,4768,2628,4658,4544,4633,4677,4673,4735,2654,4810,2395,4798,4736,2354,4541,2526,2527,4572,4566,4791,4633,4592,2316,4660,4735,4800,4690,4486,4777,2498,4528,2414,4508,4524,2450,4788,4675,4790,4656,4636,4624,2291,4755,2433,2520,4757,4773,4674,4669,4524,4628,4692,4726,4746,2413,4708,4747,2326,2393,4507,4547,4798,4680,2604,4669,4645,2512,4710,2492,4750,2317,4766,4632,4603,4802,2565,4519,4439,2645,4624,4713,4741,4489,4787,4790,4821,4773,4579,4776,4635,4535,4679,4743,4593
78,4738,4748,4708,2492,4463,2515,4768,2628,4658,4544,4666,4677,4673,4735,2655,4813,2402,4798,4736,2355,4547,2526,2580,4636,4567,4791,4685,4625,2324,4660,4735,4800,4690,4487,4780,2501,4529,2416,4508,4524,2451,4788,4675,4790,4656,4638,4624,2292,4755,2457,2526,4759,4773,4674,4670,4524,4628,4731,4726,4748,2413,4708,4752,2326,2394,4515,4547,4801,4685,2605,4669,4645,2515,4715,2493,4751,2317,4767,4633,4603,4802,2566,4519,4440,2645,4625,4713,4742,4489,4787,4790,4827,4774,4589,4776,4635,4535,4679,4794,4596
79,4738,4749,4711,2495,4463,2516,4768,2628,4658,4544,4691,4677,4673,4735,2655,4813,2403,4798,4737,2357,4547,2527,2581,4637,4568,4791,4718,4826,4565,4660,4739,4833,4691,4489,4780,2502,4529,2416,4533,4524,2453,4788,4716,4790,4683,4638,4624,2292,4755,2457,2526,4759,4773,4674,4671,4525,4629,4731,4726,4748,2416,4708,4753,2338,2397,4521,4548,4801,4685,2605,4670,4646,2519,4715,2493,4751,2317,4767,4633,4603,4808,2566,4519,4642,2646,4625,4714,4743,4489,4787,4790,4829,4776,4590,4776,4635,4535,4680,4798,4596
80,4738,4749,4762,2498,4545,2518,4768,2628,4658,4544,4691,4677,4678,4735,2655,4813,2405,4798,4737,2358,4547,2529,2581,4637,4568,4792,4718,4827,4650,4661,4740,4833,4691,4510,4780,2502,4529,2418,4534,4524,2457,4788,4716,4792,4683,4672,4627,2293,4755,2518,2528,4759,4774,4753,4675,4725,4629,4731,4726,4799,2424,4733,4753,2342,2443,4521,4551,4801,4718,2605,4671,4646,2520,4716,2496,4751,2317,4767,4633,4606,4808,2566,4522,4642,2646,4626,4714,4744,4489,4787,4790,4831,4776,4789,4776,4635,4535,4680,4798,4596
81,4738,4749,4762,2498,4597,2519,4768,2629,4658,4544,4691,4742,4678,4735,2655,4819,2405,4801,4737,2359,4548,2529,2583,4678,4568,4792,4718,4828,4650,4662,4740,4833,4691,4710,4780,2504,4564,2421,4534,4524,2458,4828,4716,4792,4683,4673,4633,2293,4755,2520,2583,4759,4775,4753,4752,4725,4630,4731,4726,4799,2639,4734,4754,2342,2444,4521,4556,4801,4718,2605,4671,4646,2520,4716,2503,4801,2322,4767,4633,4607,4808,2569,4522,4642,2646,4626,4714,4749,4489,4787,4790,4834,4776,4793,4786,4636,4535,4680,4798,4596
82,4738,4749,4763,2501,4597,2521,4772,2631,4660,4544,4691,4793,4678,4738,2656,4819,2409,4801,4737,2359,4747,4718,2587,4678,4568,4792,4756,4828,4650,4725,4740,4833,4691,4710,4780,2549,4565,2422,4535,4524,2462,4829,4716,4792,4683,4673,4634,2293,4755,2520,4774,4759,4800,4753,4786,4726,4630,4731,4754,4799,2640,4734,4756,4535,2444,4521,4579,4802,4718,2607,4671,4646,2520,4716,2503,4801,2325,4768,4633,4608,4809,2573,4522,4645,2646,4626,4714,4749,4489,4787,4822,4834,4776,4794,4786,4636,4535,4684,4798,4596
83,4764,4750,4763,2533,4597,2522,4773,2654,4662,4548,4742,4793,4678,4738,2665,4819,2409,4801,4738,2370,4824,4769,2589,4678,4570,4792,4756,4828,4654,4725,4743,4833,4691,4721,4780,2553,4565,2424,4535,4572,2464,4829,4717,4792,4683,4673,4634,2332,4755,2520,4775,4760,4801,4754,4786,4804,4631,4731,4754,4802,4815,4735,4759,4535,2451,4522,4580,4802,4718,2608,4671,4646,2522,4717,2503,4801,2335,4768,4633,4691,4836,2576,4522,4723,2646,4626,4750,4750,4489,4787,4823,4834,4780,4794,4787,4638,4568,4721,4798,4797
84,4769,4750,4764,2533,4597,2522,4774,2659,4742,4548,4742,4796,4678,4738,2666,4819,2443,4801,4763,2408,4824,4819,4804,4702,4570,4792,4756,4829,4654,4726,4743,4833,4692,4721,4781,2602,4565,2426,4535,4572,2466,4829,4736,4793,4683,4673,4634,2332,4755,2520,4776,4760,4801,4787,4786,4804,4635,4731,4754,4802,4835,4736,4759,4536,2454,4522,4633,4802,4721,2608,4671,4660,2568,4753,2507,4801,2336,4802,4684,4725,4836,2578,4522,4773,4822,4626,4800,4750,4567,4787,4824,4834,4780,4794,4828,4638,4569,4729,4799,4798
85,4773,4752,4764,2533,4597,2579,4774,2665,4742,4549,4742,4796,4703,4738,2666,4819,2444,4801,4763,2408,4826,4828,4804,4702,4570,4803,4756,4832,4654,4752,4793,4833,4696,4724,4781,2603,4598,2434,4735,4606,2467,4833,4737,4793,4683,4702,4635,2333,4805,2597,4780,4760,4835,4807,4786,4837,4636,4731,4754,4802,4836,4736,4759,4536,2455,4528,4633,4802,4721,2609,4672,4660,2572,4753,2510,4801,2336,4802,4685,4726,4836,2582,4522,4773,4822,4627,4800,4750,4567,4788,4824,4834,4780,4794,4828,4639,4620,4738,4799,4799
86,4773,4752,4764,2534,4597,2624,4774,2667,4743,4550,4742,4800,4703,4747,2667,4819,2444,4801,4764,2408,4829,4832,4804,4702,4571,4803,4756,4834,4661,4752,4826,4833,4696,4724,4781,2603,4637,2435,4735,4607,2492,4833,4789,4814,4683,4702,4635,2333,4805,4786,4781,4760,4836,4807,4786,4837,4637,4731,4755,4830,4836,4736,4760,4735,2455,4528,4634,4802,4721,2617,4678,4685,2572,4753,2510,4801,2550,4803,4685,4726,4836,2582,4524,4773,4825,4627,4800,4750,4568,4838,4824,4834,4781,4800,4829,4639,4820,4738,4799,4799
87,4773,4752,4764,2535,4600,2632,4774,2667,4770,4601,4743,4800,4703,4748,2671,4819,2447,4801,4765,2411,4829,4832,4804,4702,4573,4804,4760,4835,4670,4802,4826,4833,4699,4724,4781,2613,4637,4620,4735,4607,2502,4836,4789,4814,4736,4779,4635,2334,4828,4786,4781,4760,4836,4810,4836,4838,4836,4731,4755,4830,4837,4737,4761,4735,2456,4528,4635,4802,4721,2617,4678,4687,2572,4753,2510,4801,2550,4803,4726,4728,4838,2583,4524,4774,4825,4628,4827,4751,4568,4838,4824,4834,4781,4800,4829,4639,4820,4738,4799,4799
88,4773,4785,4798,2619,4601,2632,4774,2668,4773,4602,4745,4805,4703,4749,2673,4819,2447,4801,4765,2411,4829,4833,4808,4708,4573,4805,4760,4835,4671,4835,4826,4833,4699,4724,4781,2613,4637,4620,4774,4607,2550,4836,4789,4817,4736,4779,4635,2337,4830,4786,4814,4761,4836,4811,4840,4838,4836,4752,4755,4830,4837,4774,4761,4735,2462,4528,4835,4802,4721,2617,4712,4687,2573,4753,2566,4802,2551,4803,4760,4729,4839,4782,4525,4775,4825,4628,4827,4751,4570,4838,4824,4834,4781,4806,4829,4640,4820,4738,4799,4799
89,4783,4785,4801,2667,4605,2638,4799,4842,4773,4603,4745,4805,4703,4749,2674,4819,4636,4801,4765,2411,4838,4834,4808,4709,4582,4837,4763,4839,4671,4835,4826,4833,4699,4725,4805,2615,4638,4620,4774,4607,2550,4839,4789,4817,4736,4787,4635,2337,4830,4816,4814,4786,4836,4812,4840,4841,4837,4752,4755,4834,4838,4799,4761,4735,2549,4528,4836,4803,4721,2618,4762,4687,2658,4753,2567,4835,2634,4805,4760,4735,4839,4782,4526,4775,4825,4630,4836,4751,4570,4838,4824,4834,4781,4806,4830,4640,4824,4738,4799,4799
90,4784,4785,4801,2669,4605,2638,4799,4842,4773,4603,4745,4805,4703,4749,2674,4819,4636,4835,4765,2420,4838,4834,4808,4709,4582,4838,4763,4839,4671,4835,4826,4834,4700,4726,4805,2615,4638,4621,4783,4607,2598,4839,4789,4841,4739,4788,4635,2380,4833,4816,4815,4786,4837,4812,4840,4841,4837,4752,4755,4834,4838,4799,4761,4759,2549,4528,4840,4827,4721,2618,4762,4687,2658,4753,2567,4836,2634,4830,4760,4735,4839,4785,4603,4775,4825,4631,4836,4790,4590,4838,4827,4834,4831,4838,4830,4640,4824,4739,4799,4802
91,4784,4835,4802,2671,4605,2638,4799,4842,4774,4636,4746,4805,4703,4789,2674,4819,4637,4836,4765,2420,4838,4834,4808,4709,4582,4838,4763,4839,4677,4835,4827,4834,4706,4726,4806,2615,4638,4622,4815,4807,2601,4839,4790,4841,4764,4788,4635,2380,4833,4817,4815,4786,4837,4812,4840,4841,4837,4752,4755,4834,4838,4800,4814,4760,2550,4528,4840,4827,4755,2646,4795,4732,2661,4754,2626,4836,2638,4830,4812,4743,4839,4785,4803,4775,4825,4639,4836,4792,4641,4838,4827,4834,4831,4838,4830,4640,4826,4739,4799,4802
92,4834,4835,4840,2680,4608,2639,4799,4842,4776,4636,4748,4805,4712,4792,2676,4819,4637,4837,4765,2422,4839,4839,4814,4709,4590,4838,4764,4839,4679,4835,4827,4834,4739,4758,4806,2615,4638,4642,4839,4808,2602,4839,4790,4841,4764,4790,4635,2381,4833,4817,4816,4787,4837,4813,4840,4841,4837,4752,4759,4838,4838,4800,4814,4761,2596,4528,4840,4836,4757,4825,4796,4735,2664,4754,2629,4837,2641,4831,4812,4743,4839,4785,4804,4777,4832,4639,4836,4792,4641,4838,4827,4835,4834,4838,4830,4640,4826,4763,4799,4802
93,4834,4835,4840,2680,4609,2639,4799,4842,4776,4636,4748,4805,4790,4792,2679,4819,4637,4837,4768,2422,4839,4840,4814,4714,4590,4838,4764,4839,4679,4841,4827,4834,4740,4758,4808,2618,4638,4642,4839,4809,2604,4840,4795,4842,4764,4790,4641,2416,4833,4818,4840,4788,4837,4813,4841,4841,4837,4753,4765,4839,4838,4800,4815,4762,2597,4529,4840,4836,4759,4825,4796,4737,2664,4787,2631,4837,2642,4835,4812,4743,4839,4785,4804,4783,4832,4838,4836,4792,4641,4838,4827,4835,4834,4838,4833,4693,4826,4785,4808,4803
94,4835,4835,4840,2680,4609,2640,4805,4842,4778,4636,4787,4806,4790,4792,2683,4819,4640,4837,4769,2469,4840,4841,4814,4792,4591,4838,4764,4839,4679,4841,4831,4835,4740,4758,4808,2623,4638,4642,4839,4809,4781,4840,4797,4842,4765,4790,4642,2416,4835,4818,4840,4838,4837,4813,4841,4841,4837,4803,4765,4839,4838,4806,4816,4762,2597,4529,4841,4836,4765,4826,4796,4739,2665,4787,2631,4841,2644,4838,4813,4743,4839,4785,4807,4783,4832,4838,4837,4792,4641,4838,4827,4836,4834,4838,4834,4694,4829,4788,4808,4803
95,4835,4839,4840,2681,4609,2644,4805,4842,4779,4636,4792,4807,4791,4792,2684,4819,4640,4837,4769,2470,4840,4841,4814,4792,4792,4841,4764,4840,4719,4841,4831,4835,4740,4759,4808,2623,4638,4643,4839,4809,4781,4840,4797,4842,4765,4791,4642,2627,4835,4818,4840,4838,4837,4813,4841,4841,4839,4804,4765,4839,4838,4839,4816,4762,2599,4608,4841,4837,4766,4829,4800,4739,2665,4788,2631,4841,2653,4838,4817,4744,4840,4785,4807,4783,4832,4839,4837,4792,4641,4838,4833,4836,4834,4840,4835,4695,4832,4789,4808,4803
96,4835,4839,4840,2682,4609,2644,4805,4842,4779,4636,4792,4833,4791,4792,2684,4839,4643,4837,4769,2471,4840,4841,4839,4842,4792,4841,4764,4840,4719,4841,4831,4835,4760,4759,4808,2624,4639,4643,4839,4809,4784,4840,4797,4842,4765,4791,4642,2629,4835,4818,4840,4842,4838,4815,4841,4841,4839,4805,4765,4839,4838,4839,4816,4762,2600,4609,4842,4837,4766,4838,4800,4768,2665,4791,2635,4841,2653,4838,4818,4783,4840,4785,4807,4821,4832,4839,4837,4842,4641,4841,4833,4836,4834,4840,4835,4772,4832,4791,4808,4804
97,4835,4842,4841,2682,4641,2644,4838,4842,4779,4636,4792,4833,4791,4792,4840,4840,4842,4837,4772,2473,4840,4842,4839,4842,4792,4841,4764,4840,4769,4841,4832,4835,4761,4792,4809,4791,4838,4643,4839,4810,4785,4840,4797,4842,4765,4791,4643,2630,4837,4818,4840,4842,4838,4815,4841,4841,4840,4838,4766,4839,4838,4839,4816,4762,2600,4609,4842,4837,4766,4841,4801,4768,2666,4791,2636,4841,2653,4838,4818,4783,4840,4785,4807,4821,4832,4840,4837,4842,4642,4841,4833,4836,4837,4841,4835,4796,4832,4791,4808,4804
98,4838,4842,4841,4838,4840,4829,4838,4842,4812,4637,4842,4836,4791,4792,4840,4840,4842,4837,4772,4640,4841,4842,4839,4842,4842,4841,4764,4840,4771,4841,4835,4835,4765,4842,4809,4791,4839,4643,4840,4814,4787,4841,4797,4842,4765,4841,4643,2632,4837,4818,4840,4842,4842,4817,4841,4841,4840,4839,4842,4839,4841,4839,4816,4838,2648,4609,4842,4837,4766,4841,4801,4768,2687,4791,2684,4841,2686,4838,4842,4783,4841,4785,4840,4841,4832,4840,4841,4842,4841,4841,4833,4836,4837,4842,4835,4800,4832,4792,4808,4804
99,4838,4842,4842,4838,4840,4829,4841,4842,4836,4639,4842,4836,4841,4792,4841,4841,4842,4841,4815,4641,4841,4842,4839,4842,4842,4841,4764,4841,4771,4841,4841,4835,4841,4842,4842,4791,4839,4643,4840,4814,4838,4841,4797,4842,4765,4841,4643,2687,4837,4842,4840,4842,4842,4817,4841,4842,4841,4840,4842,4839,4841,4839,4842,4838,2687,4808,4842,4837,4766,4842,4839,4814,2687,4841,2685,4842,2687,4841,4842,4786,4842,4785,4840,4841,4832,4841,4841,4842,4841,4842,4833,4836,4841,4842,4835,4800,4841,4792,4808,4836
100,4839,4842,4842,4838,4841,4833,4841,4842,4836,4640,4842,4836,4841,4792,4841,4842,4842,4841,4816,4842,4842,4842,4839,4842,4842,4841,4765,4842,4816,4842,4841,4835,4841,4842,4842,4792,4839,4643,4840,4816,4842,4841,4797,4842,4766,4841,4643,2688,4837,4842,4840,4842,4842,4842,4841,4842,4842,4840,4842,4842,4842,4840,4842,4838,4842,4809,4842,4839,4842,4842,4839,4814,2687,4841,2688,4842,2688,4841,4842,4786,4842,4810,4842,4842,4833,4841,4841,4842,4842,4842,4833,4842,4841,4842,4835,4801,4841,4842,4841,4842
101,4839,4842,4842,4842,4842,4842,4842,4842,4836,4839,4842,4836,4841,4792,4841,4842,4842,4841,4842,4842,4842,4842,4842,4842,4842,4841,4842,4842,4816,4842,4842,4842,4842,4842,4842,4792,4839,4643,4840,4816,4842,4842,4817,4842,4842,4841,4643,2689,4841,4842,4842,4842,4842,4842,4842,4842,4842,4840,4842,4842,4842,4840,4842,4842,4842,4841,4842,4839,4842,4842,4842,4817,4842,4841,2689,4842,4842,4841,4842,4818,4842,4810,4842,4842,4842,4842,4842,4842,4842,4842,4833,4842,4842,4842,4841,4804,4841,4842,4842,4842
102,4842,4842,4842,4842,4842,4842,4842,4842,4842,4842,4842,4842,4842,4842,4842,4842,4842,4842,4842,4842,4842,4842,4842,4842,4842,4842,4842,4842,4842,4842,4842,4842,4842,4842,4842,4842,4842,4842,4842,4842,4842,4842,4842,4842,4842,4842,4842,4842,4842,4842,4842,4842,4842,4842,4842,4842,4842,4842,4842,4842,4842,4842,4842,4842,4842,4842,4842,4842,4842,4842,4842,4842,4842,4842,4842,4842,4842,4842,4842,4842,4842,4842,4842,4842,4842,4842,4842,4842,4842,4842,4842,4842,4842,4842,4842,4842,4842,4842,4842,4842
